{
  "samples": 100,
  "days": 7,
  "timesteps_per_day": 48,
  "p10_total": 1398904.6431516078,
  "p50_total": 1517290.6247360487,
  "p90_total": 1620359.933750714,
  "units": {
    "USEP": "SGD/MWh",
    "LOAD": "MW",
    "PV": "MW"
  }
}